{"app":["/app-0a0e0f645fc921e74aad.js"],"component---src-pages-404-js":["/component---src-pages-404-js-94f488a501a623b60cc5.js"],"component---src-pages-about-tsx":["/component---src-pages-about-tsx-17938cb32a9824525095.js"],"component---src-pages-index-js":["/component---src-pages-index-js-dc732a5053990ac1d673.js"],"component---src-pages-page-2-tsx":["/component---src-pages-page-2-tsx-ea9f157bf82e597585ff.js"],"component---src-pages-post-page-js":["/component---src-pages-post-page-js-1dbc15b8b1f99c2fbdbe.js"],"component---src-pages-total-posts-page-js":["/component---src-pages-total-posts-page-js-9ecfb0b3acff30a75ab0.js"],"component---src-templates-post-js":["/component---src-templates-post-js-3b4a5b09d237c209ca6d.js"],"component---src-templates-posts-by-categories-js":["/component---src-templates-posts-by-categories-js-3f267b25c7f02c64e05f.js"],"component---src-templates-posts-js":["/component---src-templates-posts-js-a8808ec420d61955f5ca.js"]}