{"errors":[],"warnings":[],"namedChunkGroups":{"app":{"chunks":[15,0,14,4],"assets":["webpack-runtime-b44ca0383b30a4e24e32.js","webpack-runtime-b44ca0383b30a4e24e32.js.map","styles.3f5883d30216e1c4aacf.css","styles-9b6f388623a2ec93d35f.js","styles-9b6f388623a2ec93d35f.js.map","framework-d9760d5f29a556096c12.js","framework-d9760d5f29a556096c12.js.map","app-0a0e0f645fc921e74aad.js","app-0a0e0f645fc921e74aad.js.map"],"children":{},"childAssets":{}},"component---src-pages-404-js":{"chunks":[0,3,5],"assets":["styles.3f5883d30216e1c4aacf.css","styles-9b6f388623a2ec93d35f.js","styles-9b6f388623a2ec93d35f.js.map","369bb45b8d693134897610fd90ec49f42c5a5e2b-d9c32175a488edf3fdf9.js","369bb45b8d693134897610fd90ec49f42c5a5e2b-d9c32175a488edf3fdf9.js.map","component---src-pages-404-js-94f488a501a623b60cc5.js","component---src-pages-404-js-94f488a501a623b60cc5.js.map"],"children":{},"childAssets":{}},"component---src-pages-about-tsx":{"chunks":[0,3,6],"assets":["styles.3f5883d30216e1c4aacf.css","styles-9b6f388623a2ec93d35f.js","styles-9b6f388623a2ec93d35f.js.map","369bb45b8d693134897610fd90ec49f42c5a5e2b-d9c32175a488edf3fdf9.js","369bb45b8d693134897610fd90ec49f42c5a5e2b-d9c32175a488edf3fdf9.js.map","component---src-pages-about-tsx-17938cb32a9824525095.js","component---src-pages-about-tsx-17938cb32a9824525095.js.map"],"children":{},"childAssets":{}},"component---src-pages-index-js":{"chunks":[0,1,2,7],"assets":["styles.3f5883d30216e1c4aacf.css","styles-9b6f388623a2ec93d35f.js","styles-9b6f388623a2ec93d35f.js.map","ba26aa8d5e84e2ed816d980f42b5e51122bdb6a2-7935b79c5affa8a6081a.js","ba26aa8d5e84e2ed816d980f42b5e51122bdb6a2-7935b79c5affa8a6081a.js.map","c659b7cd9de500ebb2d9c935a49be86a69853894-9d3f436ad6f5ba5228f6.js","c659b7cd9de500ebb2d9c935a49be86a69853894-9d3f436ad6f5ba5228f6.js.map","component---src-pages-index-js-dc732a5053990ac1d673.js","component---src-pages-index-js-dc732a5053990ac1d673.js.map"],"children":{},"childAssets":{}},"component---src-pages-page-2-tsx":{"chunks":[0,1,3,8],"assets":["styles.3f5883d30216e1c4aacf.css","styles-9b6f388623a2ec93d35f.js","styles-9b6f388623a2ec93d35f.js.map","ba26aa8d5e84e2ed816d980f42b5e51122bdb6a2-7935b79c5affa8a6081a.js","ba26aa8d5e84e2ed816d980f42b5e51122bdb6a2-7935b79c5affa8a6081a.js.map","369bb45b8d693134897610fd90ec49f42c5a5e2b-d9c32175a488edf3fdf9.js","369bb45b8d693134897610fd90ec49f42c5a5e2b-d9c32175a488edf3fdf9.js.map","component---src-pages-page-2-tsx-ea9f157bf82e597585ff.js","component---src-pages-page-2-tsx-ea9f157bf82e597585ff.js.map"],"children":{},"childAssets":{}},"component---src-pages-post-page-js":{"chunks":[0,1,2,9],"assets":["styles.3f5883d30216e1c4aacf.css","styles-9b6f388623a2ec93d35f.js","styles-9b6f388623a2ec93d35f.js.map","ba26aa8d5e84e2ed816d980f42b5e51122bdb6a2-7935b79c5affa8a6081a.js","ba26aa8d5e84e2ed816d980f42b5e51122bdb6a2-7935b79c5affa8a6081a.js.map","c659b7cd9de500ebb2d9c935a49be86a69853894-9d3f436ad6f5ba5228f6.js","c659b7cd9de500ebb2d9c935a49be86a69853894-9d3f436ad6f5ba5228f6.js.map","component---src-pages-post-page-js-1dbc15b8b1f99c2fbdbe.js","component---src-pages-post-page-js-1dbc15b8b1f99c2fbdbe.js.map"],"children":{},"childAssets":{}},"component---src-pages-total-posts-page-js":{"chunks":[0,1,2,10],"assets":["styles.3f5883d30216e1c4aacf.css","styles-9b6f388623a2ec93d35f.js","styles-9b6f388623a2ec93d35f.js.map","ba26aa8d5e84e2ed816d980f42b5e51122bdb6a2-7935b79c5affa8a6081a.js","ba26aa8d5e84e2ed816d980f42b5e51122bdb6a2-7935b79c5affa8a6081a.js.map","c659b7cd9de500ebb2d9c935a49be86a69853894-9d3f436ad6f5ba5228f6.js","c659b7cd9de500ebb2d9c935a49be86a69853894-9d3f436ad6f5ba5228f6.js.map","component---src-pages-total-posts-page-js-9ecfb0b3acff30a75ab0.js","component---src-pages-total-posts-page-js-9ecfb0b3acff30a75ab0.js.map"],"children":{},"childAssets":{}},"component---src-templates-post-js":{"chunks":[0,1,2,11],"assets":["styles.3f5883d30216e1c4aacf.css","styles-9b6f388623a2ec93d35f.js","styles-9b6f388623a2ec93d35f.js.map","ba26aa8d5e84e2ed816d980f42b5e51122bdb6a2-7935b79c5affa8a6081a.js","ba26aa8d5e84e2ed816d980f42b5e51122bdb6a2-7935b79c5affa8a6081a.js.map","c659b7cd9de500ebb2d9c935a49be86a69853894-9d3f436ad6f5ba5228f6.js","c659b7cd9de500ebb2d9c935a49be86a69853894-9d3f436ad6f5ba5228f6.js.map","component---src-templates-post-js-3b4a5b09d237c209ca6d.js","component---src-templates-post-js-3b4a5b09d237c209ca6d.js.map"],"children":{},"childAssets":{}},"component---src-templates-posts-by-categories-js":{"chunks":[0,1,2,12],"assets":["styles.3f5883d30216e1c4aacf.css","styles-9b6f388623a2ec93d35f.js","styles-9b6f388623a2ec93d35f.js.map","ba26aa8d5e84e2ed816d980f42b5e51122bdb6a2-7935b79c5affa8a6081a.js","ba26aa8d5e84e2ed816d980f42b5e51122bdb6a2-7935b79c5affa8a6081a.js.map","c659b7cd9de500ebb2d9c935a49be86a69853894-9d3f436ad6f5ba5228f6.js","c659b7cd9de500ebb2d9c935a49be86a69853894-9d3f436ad6f5ba5228f6.js.map","component---src-templates-posts-by-categories-js-3f267b25c7f02c64e05f.js","component---src-templates-posts-by-categories-js-3f267b25c7f02c64e05f.js.map"],"children":{},"childAssets":{}},"component---src-templates-posts-js":{"chunks":[0,1,2,13],"assets":["styles.3f5883d30216e1c4aacf.css","styles-9b6f388623a2ec93d35f.js","styles-9b6f388623a2ec93d35f.js.map","ba26aa8d5e84e2ed816d980f42b5e51122bdb6a2-7935b79c5affa8a6081a.js","ba26aa8d5e84e2ed816d980f42b5e51122bdb6a2-7935b79c5affa8a6081a.js.map","c659b7cd9de500ebb2d9c935a49be86a69853894-9d3f436ad6f5ba5228f6.js","c659b7cd9de500ebb2d9c935a49be86a69853894-9d3f436ad6f5ba5228f6.js.map","component---src-templates-posts-js-a8808ec420d61955f5ca.js","component---src-templates-posts-js-a8808ec420d61955f5ca.js.map"],"children":{},"childAssets":{}}},"assetsByChunkName":{"app":["webpack-runtime-b44ca0383b30a4e24e32.js","styles.3f5883d30216e1c4aacf.css","styles-9b6f388623a2ec93d35f.js","framework-d9760d5f29a556096c12.js","app-0a0e0f645fc921e74aad.js"],"component---src-pages-404-js":["styles.3f5883d30216e1c4aacf.css","styles-9b6f388623a2ec93d35f.js","369bb45b8d693134897610fd90ec49f42c5a5e2b-d9c32175a488edf3fdf9.js","component---src-pages-404-js-94f488a501a623b60cc5.js"],"component---src-pages-about-tsx":["styles.3f5883d30216e1c4aacf.css","styles-9b6f388623a2ec93d35f.js","369bb45b8d693134897610fd90ec49f42c5a5e2b-d9c32175a488edf3fdf9.js","component---src-pages-about-tsx-17938cb32a9824525095.js"],"component---src-pages-index-js":["styles.3f5883d30216e1c4aacf.css","styles-9b6f388623a2ec93d35f.js","ba26aa8d5e84e2ed816d980f42b5e51122bdb6a2-7935b79c5affa8a6081a.js","c659b7cd9de500ebb2d9c935a49be86a69853894-9d3f436ad6f5ba5228f6.js","component---src-pages-index-js-dc732a5053990ac1d673.js"],"component---src-pages-page-2-tsx":["styles.3f5883d30216e1c4aacf.css","styles-9b6f388623a2ec93d35f.js","ba26aa8d5e84e2ed816d980f42b5e51122bdb6a2-7935b79c5affa8a6081a.js","369bb45b8d693134897610fd90ec49f42c5a5e2b-d9c32175a488edf3fdf9.js","component---src-pages-page-2-tsx-ea9f157bf82e597585ff.js"],"component---src-pages-post-page-js":["styles.3f5883d30216e1c4aacf.css","styles-9b6f388623a2ec93d35f.js","ba26aa8d5e84e2ed816d980f42b5e51122bdb6a2-7935b79c5affa8a6081a.js","c659b7cd9de500ebb2d9c935a49be86a69853894-9d3f436ad6f5ba5228f6.js","component---src-pages-post-page-js-1dbc15b8b1f99c2fbdbe.js"],"component---src-pages-total-posts-page-js":["styles.3f5883d30216e1c4aacf.css","styles-9b6f388623a2ec93d35f.js","ba26aa8d5e84e2ed816d980f42b5e51122bdb6a2-7935b79c5affa8a6081a.js","c659b7cd9de500ebb2d9c935a49be86a69853894-9d3f436ad6f5ba5228f6.js","component---src-pages-total-posts-page-js-9ecfb0b3acff30a75ab0.js"],"component---src-templates-post-js":["styles.3f5883d30216e1c4aacf.css","styles-9b6f388623a2ec93d35f.js","ba26aa8d5e84e2ed816d980f42b5e51122bdb6a2-7935b79c5affa8a6081a.js","c659b7cd9de500ebb2d9c935a49be86a69853894-9d3f436ad6f5ba5228f6.js","component---src-templates-post-js-3b4a5b09d237c209ca6d.js"],"component---src-templates-posts-by-categories-js":["styles.3f5883d30216e1c4aacf.css","styles-9b6f388623a2ec93d35f.js","ba26aa8d5e84e2ed816d980f42b5e51122bdb6a2-7935b79c5affa8a6081a.js","c659b7cd9de500ebb2d9c935a49be86a69853894-9d3f436ad6f5ba5228f6.js","component---src-templates-posts-by-categories-js-3f267b25c7f02c64e05f.js"],"component---src-templates-posts-js":["styles.3f5883d30216e1c4aacf.css","styles-9b6f388623a2ec93d35f.js","ba26aa8d5e84e2ed816d980f42b5e51122bdb6a2-7935b79c5affa8a6081a.js","c659b7cd9de500ebb2d9c935a49be86a69853894-9d3f436ad6f5ba5228f6.js","component---src-templates-posts-js-a8808ec420d61955f5ca.js"]}}