{"data":{"site":{"siteMetadata":{"title":"devtops.ir || learning computer science contents","backendServer":"http://backend.devtops.ir/"}},"allWordpressCategory":{"edges":[{"node":{"id":"c8ff3790-8c3b-5f9a-852d-03a3c5a36e71","name":"artificial intelligence","slug":"artificial-intelligence","description":"In computer science, artificial intelligence, sometimes called machine intelligence, is intelligence demonstrated by machines, unlike the natural intelligence displayed by humans and animals."}},{"node":{"id":"d0a9885d-48d6-5820-8cf2-b6a9bedf567f","name":"python","slug":"python","description":"For example, I have an image, 1200px by 675px (the resolution of this article header image in fact). The ratio is 1:0.5625. Let’s use the knowledge"}},{"node":{"id":"ec84802a-887a-5123-ab5b-64db2b97b5b0","name":"react","slug":"react","description":"React is an open-source JavaScript library for building user interfaces. It is maintained by Facebook and a community of individual developers and companies. "}},{"node":{"id":"fc6d3f27-c1e7-5b75-8063-06087813b648","name":"rust","slug":"rust","description":"Rust is a multi-paradigm programming language focused on performance and safety, especially safe concurrency. Rust is syntactically similar to C++, but provides memory safety without using garbage collectio"}},{"node":{"id":"b59d1407-7aa1-5afb-8d3b-c306d7a77d05","name":"web development","slug":"web_development","description":"Web development is the work involved in developing a website for the Internet or an intranet. Web development can range from developing a simple singles."}}]}}}