{"data":{"allWordpressCategory":{"edges":[{"node":{"id":"b59d1407-7aa1-5afb-8d3b-c306d7a77d05","name":"web development","slug":"web_development"}},{"node":{"id":"c8ff3790-8c3b-5f9a-852d-03a3c5a36e71","name":"artificial intelligence","slug":"artificial-intelligence"}},{"node":{"id":"d0a9885d-48d6-5820-8cf2-b6a9bedf567f","name":"python","slug":"python"}},{"node":{"id":"ec84802a-887a-5123-ab5b-64db2b97b5b0","name":"react","slug":"react"}},{"node":{"id":"fc6d3f27-c1e7-5b75-8063-06087813b648","name":"rust","slug":"rust"}}]},"allWordpressPost":{"edges":[{"node":{"id":"e9211324-ab2f-528d-8583-07716a97828a","title":"Ut sunt sunt nulla et et","categories":[{"id":"ec84802a-887a-5123-ab5b-64db2b97b5b0","name":"react","slug":"react"}],"date":"a month ago"}},{"node":{"id":"f574a860-cd38-50ab-9d62-d8c7aecf8cfb","title":"Aut iste repudiandae dolores quod","categories":[{"id":"ec84802a-887a-5123-ab5b-64db2b97b5b0","name":"react","slug":"react"},{"id":"fc6d3f27-c1e7-5b75-8063-06087813b648","name":"rust","slug":"rust"},{"id":"b59d1407-7aa1-5afb-8d3b-c306d7a77d05","name":"web development","slug":"web_development"}],"date":"a month ago"}}]}}}